Beat_Index,Time_s,Original_RR_ms,Cleaned_RR_ms,Instant_HR_BPM
1,1.01,814,814,73.7100737100737
2,1.818,808,808,74.2574257425743
3,2.568,750,750,80
4,3.272,704,704,85.2272727272727
5,3.97,698,698,85.9598853868195
6,4.68,710,710,84.5070422535211
7,5.434,754,754,79.5755968169761
8,6.218,784,784,76.530612244898
9,6.978,760,760,78.9473684210526
10,7.7,722,722,83.1024930747922
11,8.442,742,742,80.8625336927224
12,9.22,778,778,77.120822622108
13,10.024,804,804,74.6268656716418
14,10.846,822,822,72.992700729927
15,11.66,814,814,73.7100737100737
16,12.432,772,772,77.720207253886
17,13.184,752,752,79.7872340425532
18,13.962,778,778,77.120822622108
19,14.77,808,808,74.2574257425743
20,15.586,816,816,73.5294117647059
21,16.392,806,806,74.4416873449131
22,17.162,770,770,77.9220779220779
23,17.89,728,728,82.4175824175824
24,18.618,728,728,82.4175824175824
25,19.38,762,762,78.740157480315
26,20.206,826,826,72.6392251815981
27,21.084,878,878,68.3371298405467
28,21.948,864,864,69.4444444444444
29,22.768,820,820,73.1707317073171
30,23.556,788,788,76.1421319796954
31,24.366,810,810,74.0740740740741
32,25.212,846,846,70.9219858156028
33,26.08,868,868,69.1244239631336
34,26.944,864,864,69.4444444444444
35,27.788,844,844,71.0900473933649
36,28.57,782,782,76.7263427109974
37,29.3,730,730,82.1917808219178
38,30.036,736,736,81.5217391304348
39,30.806,770,770,77.9220779220779
40,31.642,836,836,71.7703349282297
41,32.494,852,852,70.4225352112676
42,33.336,842,842,71.2589073634204
43,34.124,788,788,76.1421319796954
44,34.87,746,746,80.4289544235925
45,35.622,752,752,79.7872340425532
46,36.414,792,792,75.7575757575758
47,37.26,846,846,70.9219858156028
48,38.1,840,840,71.4285714285714
49,38.918,818,818,73.3496332518337
50,39.664,746,746,80.4289544235925
51,40.362,698,698,85.9598853868195
52,41.046,684,684,87.719298245614
53,41.734,688,688,87.2093023255814
54,42.462,728,728,82.4175824175824
55,43.268,806,806,74.4416873449131
56,44.104,836,836,71.7703349282297
57,44.962,858,858,69.9300699300699
58,45.83,868,868,69.1244239631336
59,46.72,890,890,67.4157303370787
60,47.608,888,888,67.5675675675676
61,48.484,876,876,68.4931506849315
62,49.342,858,858,69.9300699300699
63,50.164,822,822,72.992700729927
64,50.946,782,782,76.7263427109974
65,51.698,752,752,79.7872340425532
66,52.434,736,736,81.5217391304348
67,53.174,740,740,81.0810810810811
68,53.928,754,754,79.5755968169761
69,54.69,762,762,78.740157480315
70,55.474,784,784,76.530612244898
71,56.276,802,802,74.8129675810474
72,57.102,826,826,72.6392251815981
73,57.942,840,840,71.4285714285714
74,58.788,846,846,70.9219858156028
75,59.636,848,848,70.7547169811321
76,60.478,842,842,71.2589073634204
77,61.322,844,844,71.0900473933649
78,62.162,840,840,71.4285714285714
79,62.974,812,812,73.8916256157635
80,63.75,776,776,77.319587628866
81,64.51,760,760,78.9473684210526
82,65.234,724,724,82.8729281767956
83,65.93,696,696,86.2068965517241
84,66.618,688,688,87.2093023255814
85,67.32,702,702,85.4700854700855
86,68.086,766,766,78.3289817232376
87,68.97,884,884,67.8733031674208
88,69.888,918,918,65.359477124183
89,70.796,908,908,66.079295154185
90,71.628,832,832,72.1153846153846
91,72.45,822,822,72.992700729927
92,73.29,840,840,71.4285714285714
93,74.15,860,860,69.7674418604651
94,75.006,856,856,70.0934579439252
95,75.844,838,838,71.5990453460621
96,76.614,770,770,77.9220779220779
97,77.336,722,722,83.1024930747922
98,78.05,714,714,84.0336134453782
99,78.794,744,744,80.6451612903226
100,79.628,834,834,71.9424460431655
101,80.488,860,860,69.7674418604651
102,81.344,856,856,70.0934579439252
103,82.182,838,838,71.5990453460621
104,82.96,778,778,77.120822622108
105,83.716,756,756,79.3650793650794
106,84.494,778,778,77.120822622108
107,85.348,854,854,70.2576112412178
108,86.25,902,902,66.5188470066519
109,87.14,890,890,67.4157303370787
110,88.02,880,880,68.1818181818182
111,88.82,800,800,75
112,89.586,766,766,78.3289817232376
113,90.346,760,760,78.9473684210526
114,91.122,776,776,77.319587628866
115,91.914,792,792,75.7575757575758
116,92.756,842,842,71.2589073634204
117,93.476,720,720,83.3333333333333
118,94.186,710,710,84.5070422535211
119,94.92,734,734,81.7438692098093
120,95.692,772,772,77.720207253886
121,96.518,826,826,72.6392251815981
122,97.376,858,858,69.9300699300699
123,98.226,850,850,70.5882352941177
124,99.02,794,794,75.5667506297229
125,99.772,752,752,79.7872340425532
126,100.524,752,752,79.7872340425532
127,101.266,742,742,80.8625336927224
128,102.04,774,774,77.5193798449612
129,102.834,794,794,75.5667506297229
130,103.612,778,778,77.120822622108
131,104.366,754,754,79.5755968169761
132,105.088,722,722,83.1024930747922
133,105.784,696,696,86.2068965517241
134,106.452,668,668,89.8203592814371
135,107.104,652,652,92.0245398773006
136,107.742,638,638,94.0438871473354
137,108.37,628,628,95.5414012738854
138,108.986,616,616,97.4025974025974
139,109.604,618,618,97.0873786407767
140,110.224,620,620,96.7741935483871
141,110.858,634,634,94.6372239747634
142,111.5,642,642,93.4579439252336
143,112.158,658,658,91.1854103343465
144,112.834,676,676,88.7573964497041
145,113.522,688,688,87.2093023255814
146,114.216,694,694,86.4553314121037
147,114.924,708,708,84.7457627118644
148,115.64,716,716,83.7988826815643
149,116.37,730,730,82.1917808219178
150,117.094,724,724,82.8729281767956
151,117.818,724,724,82.8729281767956
152,118.55,732,732,81.9672131147541
153,119.284,734,734,81.7438692098093
154,120.022,738,738,81.3008130081301
155,120.764,742,742,80.8625336927224
156,121.508,744,744,80.6451612903226
157,122.264,756,756,79.3650793650794
158,122.99,726,726,82.6446280991736
159,123.702,712,712,84.2696629213483
160,124.444,742,742,80.8625336927224
161,125.18,736,736,81.5217391304348
162,125.882,702,702,85.4700854700855
163,126.574,692,692,86.7052023121387
164,127.318,744,744,80.6451612903226
165,128.166,848,848,70.7547169811321
166,129.078,912,912,65.7894736842105
167,130.006,928,928,64.6551724137931
168,130.872,866,866,69.284064665127
169,131.688,816,816,73.5294117647059
170,132.518,830,830,72.289156626506
171,133.394,876,876,68.4931506849315
172,134.276,882,882,68.0272108843537
173,135.132,856,856,70.0934579439252
174,135.92,788,788,76.1421319796954
175,136.674,754,754,79.5755968169761
176,137.42,746,746,80.4289544235925
177,138.176,756,756,79.3650793650794
178,138.962,786,786,76.3358778625954
179,139.754,792,792,75.7575757575758
180,140.546,792,792,75.7575757575758
181,141.296,750,750,80
182,142.018,722,722,83.1024930747922
183,142.756,738,738,81.3008130081301
184,143.552,796,796,75.3768844221105
185,144.418,866,866,69.284064665127
186,145.304,886,886,67.7200902934537
187,146.174,870,870,68.9655172413793
188,146.992,818,818,73.3496332518337
189,147.808,816,816,73.5294117647059
190,148.632,824,824,72.8155339805825
191,149.496,864,864,69.4444444444444
192,150.362,866,866,69.284064665127
193,151.18,818,818,73.3496332518337
194,151.938,758,758,79.155672823219
195,152.664,726,726,82.6446280991736
196,153.388,724,724,82.8729281767956
197,154.144,756,756,79.3650793650794
198,154.95,806,806,74.4416873449131
199,155.768,818,818,73.3496332518337
200,156.566,798,798,75.187969924812
201,157.324,758,758,79.155672823219
202,158.03,706,706,84.985835694051
203,158.72,690,690,86.9565217391304
204,159.412,692,692,86.7052023121387
205,160.142,730,730,82.1917808219178
206,160.954,812,812,73.8916256157635
207,161.772,818,818,73.3496332518337
208,162.524,752,752,79.7872340425532
209,163.246,722,722,83.1024930747922
210,163.952,706,706,84.985835694051
211,164.678,726,726,82.6446280991736
212,165.434,756,756,79.3650793650794
213,166.188,754,754,79.5755968169761
214,166.91,722,722,83.1024930747922
215,167.604,694,694,86.4553314121037
216,168.268,664,664,90.3614457831325
217,168.908,640,640,93.75
218,169.526,618,618,97.0873786407767
219,170.126,600,600,100
220,170.71,584,584,102.739726027397
221,171.282,572,572,104.895104895105
222,171.846,564,564,106.382978723404
223,172.406,560,560,107.142857142857
224,172.96,554,554,108.303249097473
225,173.508,548,548,109.489051094891
226,174.052,544,544,110.294117647059
227,174.59,538,538,111.524163568773
228,175.134,544,544,110.294117647059
229,175.678,544,544,110.294117647059
230,176.232,554,554,108.303249097473
231,176.8,568,568,105.633802816901
232,177.384,584,584,102.739726027397
233,177.984,600,600,100
234,178.602,618,618,97.0873786407767
235,179.236,634,634,94.6372239747634
236,179.882,646,646,92.8792569659443
237,180.54,658,658,91.1854103343465
238,181.222,682,682,87.9765395894428
239,181.91,688,688,87.2093023255814
240,182.616,706,706,84.985835694051
241,183.354,738,738,81.3008130081301
242,184.088,734,734,81.7438692098093
243,184.796,708,708,84.7457627118644
244,185.474,678,678,88.4955752212389
245,186.158,684,684,87.719298245614
246,186.844,686,686,87.4635568513119
247,187.5,656,656,91.4634146341463
248,188.148,648,648,92.5925925925926
249,188.822,674,674,89.0207715133531
250,189.664,842,842,71.2589073634204
251,190.572,908,908,66.079295154185
252,191.552,980,980,61.2244897959184
253,192.52,968,968,61.9834710743802
254,193.418,898,898,66.815144766147
255,194.27,852,852,70.4225352112676
256,195.146,876,876,68.4931506849315
257,196.08,934,934,64.2398286937901
258,197.042,962,962,62.3700623700624
259,197.998,956,956,62.7615062761506
260,198.914,916,916,65.5021834061135
261,199.772,858,858,69.9300699300699
262,200.554,782,782,76.7263427109974
263,201.298,744,744,80.6451612903226
264,202.038,740,740,81.0810810810811
265,202.826,788,788,76.1421319796954
266,203.736,910,910,65.9340659340659
267,204.664,928,928,64.6551724137931
268,205.588,924,924,64.9350649350649
269,206.484,896,896,66.9642857142857
270,207.302,818,818,73.3496332518337
271,208.07,768,768,78.125
272,208.838,768,768,78.125
273,209.652,814,814,73.7100737100737
274,210.54,888,888,67.5675675675676
275,211.45,910,910,65.9340659340659
276,212.352,902,902,66.5188470066519
277,213.2,848,848,70.7547169811321
278,213.982,782,782,76.7263427109974
279,214.728,746,746,80.4289544235925
280,215.47,742,742,80.8625336927224
281,216.244,774,774,77.5193798449612
282,217.078,834,834,71.9424460431655
283,217.868,790,790,75.9493670886076
284,218.61,742,742,80.8625336927224
285,219.334,724,724,82.8729281767956
286,220.044,710,710,84.5070422535211
287,220.75,706,706,84.985835694051
288,221.466,716,716,83.7988826815643
289,222.214,748,748,80.2139037433155
290,222.994,780,780,76.9230769230769
291,223.758,764,764,78.5340314136126
292,224.484,726,726,82.6446280991736
293,225.184,700,700,85.7142857142857
294,225.858,674,674,89.0207715133531
295,226.512,654,654,91.743119266055
296,227.146,634,634,94.6372239747634
297,227.766,620,620,96.7741935483871
298,228.372,606,606,99.009900990099
299,228.966,594,594,101.010101010101
300,229.552,586,586,102.389078498294
301,230.128,576,576,104.166666666667
302,230.696,568,568,105.633802816901
303,231.262,566,566,106.007067137809
304,231.822,560,560,107.142857142857
305,232.376,554,554,108.303249097473
306,232.928,552,552,108.695652173913
307,233.478,550,550,109.090909090909
308,234.032,554,554,108.303249097473
309,234.592,560,560,107.142857142857
310,235.162,570,570,105.263157894737
311,235.758,596,596,100.671140939597
312,236.366,608,608,98.6842105263158
313,236.99,624,624,96.1538461538462
314,237.634,644,644,93.167701863354
315,238.29,656,656,91.4634146341463
316,238.952,662,662,90.6344410876133
317,239.624,672,672,89.2857142857143
318,240.304,680,680,88.2352941176471
319,240.978,674,674,89.0207715133531
320,241.648,670,670,89.5522388059701
321,242.314,666,666,90.0900900900901
322,242.966,652,652,92.0245398773006
323,243.616,650,650,92.3076923076923
324,244.264,648,648,92.5925925925926
325,244.894,630,630,95.2380952380952
326,245.518,624,624,96.1538461538462
327,246.164,646,646,92.8792569659443
328,246.882,718,718,83.5654596100279
329,247.672,790,790,75.9493670886076
330,248.448,776,776,77.319587628866
331,249.242,794,794,75.5667506297229
332,250.234,992,992,60.4838709677419
333,251.304,1070,1070,56.0747663551402
334,252.312,1008,1008,59.5238095238095
335,253.268,956,956,62.7615062761506
336,254.176,908,908,66.079295154185
337,255.146,970,970,61.8556701030928
338,256.192,1046,1046,57.3613766730402
339,257.226,1034,1034,58.0270793036751
340,258.224,998,998,60.1202404809619
341,259.176,952,952,63.0252100840336
342,260.034,858,858,69.9300699300699
343,260.868,834,834,71.9424460431655
344,261.738,870,870,68.9655172413793
345,262.682,944,944,63.5593220338983
346,263.61,928,928,64.6551724137931
347,264.52,910,910,65.9340659340659
348,265.366,846,846,70.9219858156028
349,266.15,784,784,76.530612244898
350,266.926,776,776,77.319587628866
351,267.724,798,798,75.187969924812
352,268.566,842,842,71.2589073634204
353,269.412,846,846,70.9219858156028
354,270.198,786,786,76.3358778625954
355,270.934,736,736,81.5217391304348
356,271.658,724,724,82.8729281767956
357,272.39,732,732,81.9672131147541
358,273.194,804,804,74.6268656716418
359,274.016,822,822,72.992700729927
360,274.778,762,762,78.740157480315
361,275.51,732,732,81.9672131147541
362,276.232,722,722,83.1024930747922
363,276.956,724,724,82.8729281767956
364,277.716,760,760,78.9473684210526
365,278.534,818,818,73.3496332518337
366,279.342,808,808,74.2574257425743
367,280.126,784,784,76.530612244898
368,280.848,722,722,83.1024930747922
369,281.528,680,680,88.2352941176471
370,282.19,662,662,90.6344410876133
371,282.838,648,648,92.5925925925926
372,283.496,658,658,91.1854103343465
373,284.206,710,710,84.5070422535211
374,284.924,718,718,83.5654596100279
375,285.624,700,700,85.7142857142857
376,286.312,688,688,87.2093023255814
377,286.986,674,674,89.0207715133531
378,287.644,658,658,91.1854103343465
379,288.286,642,642,93.4579439252336
380,288.912,626,626,95.8466453674121
381,289.518,606,606,99.009900990099
382,290.112,594,594,101.010101010101
383,290.694,582,582,103.092783505155
384,291.27,576,576,104.166666666667
385,291.84,570,570,105.263157894737
386,292.406,566,566,106.007067137809
387,292.968,562,562,106.761565836299
388,293.532,564,564,106.382978723404
389,294.1,568,568,105.633802816901
390,294.676,576,576,104.166666666667
391,295.266,590,590,101.694915254237
392,295.878,612,612,98.0392156862745
393,296.514,636,636,94.3396226415094
394,297.174,660,660,90.9090909090909
395,297.856,682,682,87.9765395894428
396,298.552,696,696,86.2068965517241
397,299.26,708,708,84.7457627118644
398,299.98,720,720,83.3333333333333
399,300.706,726,726,82.6446280991736
400,301.45,744,744,80.6451612903226
401,302.194,744,744,80.6451612903226
402,302.936,742,742,80.8625336927224
403,303.678,742,742,80.8625336927224
404,304.414,736,736,81.5217391304348
405,305.106,692,692,86.7052023121387
406,305.774,668,668,89.8203592814371
407,306.448,674,674,89.0207715133531
408,307.154,706,706,84.985835694051
409,307.85,696,696,86.2068965517241
410,308.532,682,682,87.9765395894428
411,309.262,730,730,82.1917808219178
412,310.078,816,816,73.5294117647059
413,311.036,958,958,62.6304801670146
414,312.02,984,984,60.9756097560976
415,312.95,930,930,64.5161290322581
416,313.818,868,868,69.1244239631336
417,314.722,904,904,66.3716814159292
418,315.72,998,998,60.1202404809619
419,316.75,1030,1030,58.252427184466
420,317.722,972,972,61.7283950617284
421,318.596,874,874,68.649885583524
422,319.402,806,806,74.4416873449131
423,320.212,810,810,74.0740740740741
424,321.068,856,856,70.0934579439252
425,321.958,890,890,67.4157303370787
426,322.838,880,880,68.1818181818182
427,323.672,834,834,71.9424460431655
428,324.442,770,770,77.9220779220779
429,325.188,746,746,80.4289544235925
430,325.936,748,748,80.2139037433155
431,326.73,794,794,75.5667506297229
